trial,value,state,dataset.seed,model.beta,model.threshold,trainer.gamma,trainer.lr
0,,FAIL,157,0.9390788489441669,1.0986584841970366,0.4802857225639665,0.00031489116479568613
