trial,value,state,dataset.seed,model.beta,model.threshold,trainer.lr
0,,FAIL,599,0.9806357182178841,1.231993941811405,0.00031489116479568613
